artifact,author,origin_url,version_or_hash,spdx,modifications,attribution
assets/geo/coastline-110m.bin,Natural Earth (Tom Patterson; Nathaniel Vaughn Kelso and contributors),https://github.com/nvkelso/natural-earth-vector/blob/master/geojson/ne_110m_coastline.geojson,"upstream master@ca96624a56bd; source sha256 851f581ff5ffb844deed8ae1a9ce22e3c4bb3d74fa342cadb5d8e39b41ae7c3c; asset sha256 0d88bd3d57e4050b0bf1f569187a1eb98c8350049e845b02c8cdca6ade598af0",LicenseRef-PublicDomain,"Converted by scripts/convert_coastline.py to polylines of centidegree i16 pairs; no geometry edits","Optional: Made with Natural Earth."
scripts/convert_coastline.py,sci-fi-terminal contributors,original,this repository,MIT,n/a,n/a
assets/geo/dbip-city-lite.mmdb (fetched; not committed),DB-IP.com,https://download.db-ip.com/free/dbip-city-lite-2026-09.mmdb.gz,"2026-09; gz sha256 c5d05b35a45c3eea0cadc728c8f5ad751693d4e270529b731442172a73f05954; mmdb sha256 05a10861259c7966cb54d7181ef8c360de8c8829d182098c0e62a9b7d54cd50d",CC-BY-4.0,"None (decompressed only); pinned in assets/geo/dbip-city-lite.toml","IP Geolocation by DB-IP (https://db-ip.com) — shown in the Network panel and THIRD_PARTY_NOTICES.md"
scripts/fetch-geoip.sh,sci-fi-terminal contributors,original,this repository,MIT,n/a,n/a
third_party/block,Steven Sheldon (upstream),https://crates.io/crates/block/0.1.6,"0.1.6 crates.io source",MIT,"Patched: opaque #[repr(C)] Class struct instead of empty enum; explicit extern \"C\" ABI. See third_party/block/PATCHED.md",Retain upstream MIT notice
assets/icons/sci-fi-terminal.svg,sci-fi-terminal contributors,original,this repository,MIT,n/a,n/a
assets/icons/sci-fi-terminal-small.svg,sci-fi-terminal contributors,original,this repository,MIT,n/a,n/a
"assets/icons/png/*.png, sci-fi-terminal.ico, sci-fi-terminal.icns, window-icon-64.rgba",sci-fi-terminal contributors,original (rendered from the SVGs above),this repository,MIT,Rendered by scripts/build-icons.sh (rsvg-convert + ImageMagick + iconutil),n/a
scripts/build-icons.sh,sci-fi-terminal contributors,original,this repository,MIT,n/a,n/a
scripts/bundle-macos.sh,sci-fi-terminal contributors,original,this repository,MIT,n/a,n/a
"packaging/macos/Info.plist, packaging/linux/sci-fi-terminal.desktop",sci-fi-terminal contributors,original,this repository,MIT,n/a,n/a
